periode,POPULATION_debut,POPULATION_fin,DECES,NAISSANCES,annee_debut,annee_fin,nb_annees,EVOL_DEMO_TOT,EVOL_DEMO_SN,EVOL_DEMO_SMA,TX_EVOL_DEMO_AN_TOT,TX_EVOL_DEMO_AN_SN,TX_EVOL_DEMO_AN_SMA
1968_1975,50798112,53764064,3909870,6149732.2028537,1968,1975,7,2965952,2239862.2028537,726089.7971463,0.00813953305833137,0.00614690745036825,0.00199262560796312
1975_1982,53764064,55569542,3911267,5532080.45362453,1975,1982,7,1805478,1620813.45362453,184664.546375473,0.00472971521726651,0.00424595927281208,0.000483755944454428
1982_1990,55569542,58040659,4375209,6363296.65375529,1982,1990,8,2471117,1988087.65375529,483029.346244712,0.00545338295152376,0.00438740995150127,0.00106597300002249
1990_1999,58040659,60149901,4819081,6877418,1990,1999,9,2109242,2058337,50905,0.00397409969073781,0.00387818772579637,9.59119649414377e-05
1999_2006,60149901,63186117,3779034,5567121,1999,2006,7,3036216,1788087,1248129,0.00705977680672421,0.00415764067214094,0.00290213613458327
2006_2011,63186117,64933400,2690966,4126044,2006,2011,5,1747283,1435078,312205,0.00547041234702506,0.00449295758623189,0.000977454760793161
2011_2016,64933400,66361658,2826125,4047511,2011,2016,5,1428258,1221386,206872,0.00436094550910182,0.00372929666179348,0.000631648847308338
